,symbol,predict_rank,Month,raw_return
17,1INCH,0,2023-06,-0.166622864651774
18,1INCH,0,2023-07,-0.0088300220750551
19,1INCH,-1,2023-08,-0.2201718103722558
20,1INCH,-1,2023-09,0.1011831905344755
21,1INCH,0,2023-10,0.0881808077065582
22,1INCH,0,2023-11,0.1630915900578822
23,1INCH,0,2023-12,0.2511709601873535
24,1INCH,0,2024-01,-0.0851661207299953
25,1INCH,-1,2024-02,0.3040920716112532
26,1INCH,-1,2024-03,0.2112178858599724
27,1INCH,-1,2024-04,-0.3612370466321244
28,1INCH,-1,2024-05,0.2258555133079847
29,1INCH,-1,2024-06,-0.1730769230769231
30,1INCH,-1,2024-07,-0.1485371342835707
31,1INCH,0,2024-08,-0.2975036710719531
49,1SOL,0,2023-06,-0.4491159135559921
50,1SOL,0,2023-07,0.6312410841654779
51,1SOL,0,2023-08,0.5041539134236992
52,1SOL,0,2023-09,-0.1831395348837209
53,1SOL,0,2023-10,-0.0195729537366547
54,1SOL,0,2023-11,0.3673321234119782
55,1SOL,0,2023-12,8.437748871781258
56,1SOL,0,2024-01,-0.349713096309631
57,1SOL,0,2024-02,0.0882823651542019
58,1SOL,0,2024-03,-0.0461049284578695
59,1SOL,0,2024-04,-0.4094583333333333
60,1SOL,0,2024-05,0.0554575601495801
61,1SOL,0,2024-06,-0.6227020522762217
62,1SOL,0,2024-07,0.4059177888022678
63,1SOL,0,2024-08,-0.0819155639571518
81,AAVE,0,2023-06,0.1058980015165662
82,AAVE,0,2023-07,-0.0738131430830018
83,AAVE,0,2023-08,-0.1508502938324252
84,AAVE,0,2023-09,0.2170216445225812
85,AAVE,0,2023-10,0.2051205389916406
86,AAVE,0,2023-11,0.2070845891395178
87,AAVE,0,2023-12,0.1057507402093953
88,AAVE,0,2024-01,-0.209907385681357
89,AAVE,0,2024-02,0.2311246207687693
90,AAVE,0,2024-03,0.2144926823315509
91,AAVE,0,2024-04,-0.3506195091440593
92,AAVE,0,2024-05,0.244598776538323
93,AAVE,0,2024-06,-0.060403499540295
94,AAVE,0,2024-07,0.1028744156086591
95,AAVE,0,2024-08,0.2067411738555842
113,ADA,0,2023-06,-0.233707264957265
114,ADA,0,2023-07,0.070756361101429
115,ADA,-1,2023-08,-0.1689453124999999
116,ADA,-1,2023-09,-0.0050920485703095
117,ADA,-1,2023-10,0.1535433070866141
118,ADA,-1,2023-11,0.2832764505119454
119,ADA,0,2023-12,0.5789893617021278
120,ADA,0,2024-01,-0.1616978271854472
121,ADA,0,2024-02,0.3152501506931886
122,ADA,0,2024-03,-0.0070271921784295
123,ADA,0,2024-04,-0.3207692307692308
124,ADA,0,2024-05,0.0126840317100793
125,ADA,0,2024-06,-0.1223439946320733
126,ADA,0,2024-07,-0.0107033639143732
127,ADA,0,2024-08,-0.1112828438948996
145,AGLD,0,2023-06,0.3207207207207208
146,AGLD,0,2023-07,0.1074351978171894
147,AGLD,0,2023-08,-0.2545426547582383
148,AGLD,0,2023-09,0.2404461888039661
149,AGLD,0,2023-10,0.3895087427144046
150,AGLD,0,2023-11,-0.0101869606903164
151,AGLD,0,2023-12,0.4852887758808573
152,AGLD,0,2024-01,-0.0841281486916115
153,AGLD,1,2024-02,0.2937249666221628
154,AGLD,1,2024-03,0.1794289645682834
155,AGLD,1,2024-04,-0.3777635186373447
156,AGLD,1,2024-05,0.2660541858066936
157,AGLD,1,2024-06,-0.2524250277674935
158,AGLD,1,2024-07,-0.108458795562599
159,AGLD,1,2024-08,-0.2233085212754137
177,ALGO,0,2023-06,-0.1759848382293218
178,ALGO,0,2023-07,-0.0980778708723509
179,ALGO,0,2023-08,-0.1513661202185792
180,ALGO,0,2023-09,0.1079630822064821
181,ALGO,0,2023-10,0.0585044556373499
182,ALGO,0,2023-11,0.2231881405563689
183,ALGO,0,2023-12,0.6677638961621903
184,ALGO,0,2024-01,-0.2856053469699008
185,ALGO,0,2024-02,0.3307170664322492
186,ALGO,0,2024-03,0.2637663379417732
187,ALGO,0,2024-04,-0.3351379606466789
188,ALGO,0,2024-05,0.056270006177346
189,ALGO,0,2024-06,-0.2313254293157531
190,ALGO,0,2024-07,-0.0619726103195462
191,ALGO,-1,2024-08,-0.0910632650051613
209,ANKR,-1,2023-06,-0.0992546096508434
210,ANKR,-1,2023-07,0.1110627177700347
211,ANKR,-1,2023-08,-0.2744021952175618
212,ANKR,0,2023-09,0.0734737979470556
213,ANKR,0,2023-10,0.1489682939104177
214,ANKR,0,2023-11,0.1314060446780551
215,ANKR,0,2023-12,0.1025938830816879
216,ANKR,0,2024-01,-0.1752106741573033
217,ANKR,0,2024-02,0.5751383567475521
218,ANKR,0,2024-03,0.6132432432432433
219,ANKR,0,2024-04,-0.2112581671971855
220,ANKR,0,2024-05,-0.0858113848768052
221,ANKR,0,2024-06,-0.2764869888475836
222,ANKR,0,2024-07,-0.0748233782915864
223,ANKR,0,2024-08,-0.1745921555015619
241,ATOM,0,2023-06,-0.1117017208413001
242,ATOM,0,2023-07,-0.046396745447501
243,ATOM,0,2023-08,-0.2185768297500141
244,ATOM,0,2023-09,0.0452352754267888
245,ATOM,0,2023-10,0.0962691723089677
246,ATOM,0,2023-11,0.1654335303830494
247,ATOM,0,2023-12,0.1470333758733317
248,ATOM,0,2024-01,-0.1410656533750719
249,ATOM,0,2024-02,0.2375296390620884
250,ATOM,0,2024-03,0.0902212287331238
251,ATOM,0,2024-04,-0.3130303893250885
252,ATOM,0,2024-05,-0.017102520371423
253,ATOM,0,2024-06,-0.1887622306839542
254,ATOM,0,2024-07,-0.1374418846456634
255,ATOM,0,2024-08,-0.2142414327535733
273,AVA,1,2023-06,-0.0902327355971003
274,AVA,1,2023-07,0.2159781924931851
275,AVA,1,2023-08,-0.1472667701327814
276,AVA,1,2023-09,-0.0309403437815974
277,AVA,1,2023-10,0.0221202003338898
278,AVA,0,2023-11,0.1020824826459778
279,AVA,0,2023-12,0.1715450166728418
280,AVA,0,2024-01,-0.0983554712207462
281,AVA,0,2024-02,0.098912662223781
282,AVA,0,2024-03,0.4066390041493775
283,AVA,0,2024-04,-0.3264125255275697
284,AVA,0,2024-05,0.2615799225197912
285,AVA,0,2024-06,-0.0903871829105473
286,AVA,0,2024-07,-0.1353295170996624
287,AVA,0,2024-08,-0.1456459005262264
305,AVAX,1,2023-06,-0.0760718539102818
306,AVAX,1,2023-07,-0.0177238304957301
307,AVAX,1,2023-08,-0.2204760082172735
308,AVAX,1,2023-09,-0.0743609527340499
309,AVAX,1,2023-10,0.2261085130336884
310,AVAX,0,2023-11,0.8888780978783892
311,AVAX,0,2023-12,0.8017060858184537
312,AVAX,0,2024-01,-0.1388611440446016
313,AVAX,0,2024-02,0.2340810768470651
314,AVAX,0,2024-03,0.3200758731638964
315,AVAX,0,2024-04,-0.3950501531223647
316,AVAX,0,2024-05,0.1012371493291515
317,AVAX,0,2024-06,-0.1848323339995559
318,AVAX,0,2024-07,-0.1246322227368077
319,AVAX,0,2024-08,-0.1131538919383638
337,AXS,0,2023-06,-0.1337265181301878
338,AXS,0,2023-07,0.0088926992452131
339,AXS,0,2023-08,-0.2227905891762196
340,AXS,0,2023-09,-0.0166577339479043
341,AXS,0,2023-10,0.1907211999651172
342,AXS,0,2023-11,0.1669291050241688
343,AXS,0,2023-12,0.3871306858299468
344,AXS,0,2024-01,-0.2104382055516593
345,AXS,0,2024-02,0.3716082633735422
346,AXS,0,2024-03,0.1521918509311581
347,AXS,0,2024-04,-0.3891507723547754
348,AXS,0,2024-05,0.1003502315089635
349,AXS,0,2024-06,-0.1833679497208211
350,AXS,0,2024-07,-0.0666226259289842
351,AXS,0,2024-08,-0.1683947908556868
369,BAT,-1,2023-06,-0.0647583294228062
370,BAT,-1,2023-07,0.0280983442047164
371,BAT,0,2023-08,-0.1732552464616886
372,BAT,0,2023-09,0.0619834710743802
373,BAT,0,2023-10,0.1528627015008337
374,BAT,-1,2023-11,0.0756991321118611
375,BAT,-1,2023-12,0.1479157328552218
376,BAT,-1,2024-01,-0.1479890667707926
377,BAT,-1,2024-02,0.274518790100825
378,BAT,-1,2024-03,0.2096368212873065
379,BAT,-1,2024-04,-0.2922116527942924
380,BAT,0,2024-05,0.0235195296094077
381,BAT,0,2024-06,-0.190398030365203
382,BAT,0,2024-07,-0.020273694880892
383,BAT,0,2024-08,-0.1562338334195551
401,BCH,1,2023-06,1.6890459363957593
402,BCH,0,2023-07,-0.1856110381077529
403,BCH,0,2023-08,-0.1629689390883421
404,BCH,0,2023-09,0.1272289156626507
405,BCH,1,2023-10,0.0474561778537836
406,BCH,1,2023-11,-0.0959183673469388
407,BCH,0,2023-12,0.1720090293453726
408,BCH,0,2024-01,-0.0978428351309708
409,BCH,0,2024-02,0.2715627668659266
410,BCH,0,2024-03,1.278374748153123
411,BCH,1,2024-04,-0.3605011053795136
412,BCH,1,2024-05,0.0483982484443419
413,BCH,0,2024-06,-0.133875577049901
414,BCH,0,2024-07,0.051269035532995
415,BCH,0,2024-08,-0.2221149203283438
433,BICO,0,2023-06,-0.1421985815602836
434,BICO,0,2023-07,-0.0859859446052088
435,BICO,0,2023-08,-0.0737222976028945
436,BICO,0,2023-09,0.21923828125
437,BICO,0,2023-10,-0.0692831397677212
438,BICO,-1,2023-11,0.1475903614457832
439,BICO,0,2023-12,0.4326959130108736
440,BICO,0,2024-01,-0.110965715781209
441,BICO,0,2024-02,0.2031204003532529
442,BICO,-1,2024-03,0.6305358453633472
443,BICO,-1,2024-04,-0.3514405762304922
444,BICO,-1,2024-05,0.2762609902822768
445,BICO,-1,2024-06,-0.2964104423495286
446,BICO,0,2024-07,-0.2780211285751095
447,BICO,0,2024-08,-0.211277658815132
465,BNT,0,2023-06,-0.0553666828557551
466,BNT,0,2023-07,-0.0424164524421594
467,BNT,0,2023-08,0.1208053691275168
468,BNT,0,2023-09,-0.0110179640718562
469,BNT,0,2023-10,0.288689755388714
470,BNT,0,2023-11,0.424920127795527
471,BNT,0,2023-12,-0.034555526246373
472,BNT,0,2024-01,-0.0550546448087432
473,BNT,0,2024-02,0.2275552985398294
474,BNT,0,2024-03,0.0822046873159816
475,BNT,0,2024-04,-0.2813146153009033
476,BNT,0,2024-05,0.2284978800726833
477,BNT,0,2024-06,-0.220510292123752
478,BNT,0,2024-07,-0.0978810879190384
479,BNT,0,2024-08,-0.1572304995617879
497,BOBA,0,2023-06,-0.1839362354383813
498,BOBA,0,2023-07,0.0360631104432758
499,BOBA,0,2023-08,-0.1218274111675126
500,BOBA,0,2023-09,-0.0839801816680428
501,BOBA,0,2023-10,0.0905976742089607
502,BOBA,0,2023-11,0.2244999173417092
503,BOBA,0,2023-12,0.7562440934251384
504,BOBA,0,2024-01,-0.0877887535073221
505,BOBA,0,2024-02,0.1740614334470989
506,BOBA,0,2024-03,1.1804478897502153
507,BOBA,0,2024-04,-0.4023635525709395
508,BOBA,-1,2024-05,-0.0510603139630955
509,BOBA,0,2024-06,-0.2695031344323195
510,BOBA,0,2024-07,-0.0719904648390939
511,BOBA,0,2024-08,-0.111096840482918
529,BTC,0,2023-06,0.120007305732023
530,BTC,0,2023-07,-0.0407863742896713
531,BTC,0,2023-08,-0.1127466474014539
532,BTC,0,2023-09,0.0396036702906932
533,BTC,0,2023-10,0.2846564688465594
534,BTC,0,2023-11,0.0890304485398401
535,BTC,0,2023-12,0.1208428959119611
536,BTC,0,2024-01,0.0070717056096867
537,BTC,0,2024-02,0.435595690488838
538,BTC,1,2024-03,0.1662430478309233
539,BTC,0,2024-04,-0.1488665998922501
540,BTC,1,2024-05,0.1130485539546246
541,BTC,0,2024-06,-0.0706008027680841
542,BTC,1,2024-07,0.0296120152620169
543,BTC,1,2024-08,-0.0875604927987305
561,BTG,0,2023-06,0.3760110067519742
562,BTG,0,2023-07,0.4126435519387821
563,BTG,1,2023-08,-0.4959434081917379
564,BTG,0,2023-09,0.0451785714285712
565,BTG,1,2023-10,0.1998508923162947
566,BTG,1,2023-11,-0.0113203883495145
567,BTG,1,2023-12,0.3627079364455878
568,BTG,0,2024-01,0.0570632461386946
569,BTG,0,2024-02,0.1892352510759751
570,BTG,0,2024-03,0.8364090785757687
571,BTG,0,2024-04,-0.3922107650847493
572,BTG,0,2024-05,0.1140058343376793
573,BTG,0,2024-06,-0.2459575671331229
574,BTG,0,2024-07,0.0552792904424952
575,BTG,0,2024-08,-0.1710712326862317
593,C98,0,2023-06,-0.1814795103778607
594,C98,1,2023-07,-0.1332899869960987
595,C98,0,2023-08,-0.015753938484621
596,C98,0,2023-09,0.1539634146341462
597,C98,1,2023-10,0.1948480845442535
598,C98,0,2023-11,0.0442233278054173
599,C98,0,2023-12,0.3949179460031762
600,C98,0,2024-01,-0.0880455407969639
601,C98,0,2024-02,0.5401581356637535
602,C98,0,2024-03,0.126182112942448
603,C98,0,2024-04,-0.3711612284069098
604,C98,0,2024-05,-0.0049599389545975
605,C98,0,2024-06,-0.3094325153374232
606,C98,0,2024-07,-0.2159911160466409
607,C98,0,2024-08,-0.2089235127478753
625,CAKE,0,2023-06,-0.0449740299419493
626,CAKE,0,2023-07,-0.0085098214856995
627,CAKE,0,2023-08,-0.1975993804852865
628,CAKE,0,2023-09,-0.0589512626668812
629,CAKE,0,2023-10,0.0554653448423212
630,CAKE,0,2023-11,0.8467206477732792
631,CAKE,0,2023-12,0.5225588635068181
632,CAKE,0,2024-01,-0.2835997120230382
633,CAKE,0,2024-02,0.2386943763315514
634,CAKE,-1,2024-03,0.5015739088106443
635,CAKE,-1,2024-04,-0.4434959261740615
636,CAKE,0,2024-05,0.0766601941747573
637,CAKE,0,2024-06,-0.2252200259702784
638,CAKE,0,2024-07,-0.1363128491620112
639,CAKE,-1,2024-08,-0.058753773178094
657,CEL,0,2023-06,-0.2580492424242424
658,CEL,0,2023-07,0.1378430121250795
659,CEL,0,2023-08,-0.2860347728547392
660,CEL,0,2023-09,0.2089552238805971
661,CEL,0,2023-10,0.48862897985705
662,CEL,0,2023-11,0.0593627237014404
663,CEL,0,2023-12,-0.0696332921302018
664,CEL,1,2024-01,-0.2081488042515501
665,CEL,0,2024-02,0.2611856823266221
666,CEL,0,2024-03,0.5507760532150776
667,CEL,0,2024-04,-0.5996568487274807
668,CEL,0,2024-05,7.529999999999999
669,CEL,0,2024-06,-0.1856472952604253
670,CEL,0,2024-07,-0.789305912596401
671,CEL,0,2024-08,-0.3265007320644216
689,CHZ,0,2023-06,-0.2366026289180991
690,CHZ,0,2023-07,0.0251655629139073
691,CHZ,0,2023-08,-0.2196382428940567
692,CHZ,0,2023-09,0.0248344370860926
693,CHZ,0,2023-10,0.074313408723748
694,CHZ,0,2023-11,0.0977443609022554
695,CHZ,0,2023-12,0.1835616438356166
696,CHZ,0,2024-01,0.15625
697,CHZ,0,2024-02,0.4234234234234233
698,CHZ,0,2024-03,0.0527426160337554
699,CHZ,0,2024-04,-0.2798931195724782
700,CHZ,0,2024-05,0.3172541743970314
701,CHZ,0,2024-06,-0.4661971830985915
702,CHZ,0,2024-07,-0.1464379947229552
703,CHZ,0,2024-08,-0.1808346213292117
721,COMP,0,2023-06,0.5579710144927534
722,COMP,0,2023-07,0.1860465116279068
723,COMP,0,2023-08,-0.3793363499245852
724,COMP,0,2023-09,0.1375455650060755
725,COMP,0,2023-10,-0.02050843836787
726,COMP,0,2023-11,0.103380588876772
727,COMP,0,2023-12,0.1355999209329907
728,COMP,0,2024-01,-0.0525674499564839
729,COMP,0,2024-02,0.667462796252067
730,COMP,0,2024-03,-0.1248347289554869
731,COMP,0,2024-04,-0.326576860128415
732,COMP,0,2024-05,0.1078706300243035
733,COMP,0,2024-06,-0.1613229834627066
734,COMP,0,2024-07,0.0615694164989939
735,COMP,0,2024-08,-0.1415845337376801
753,CRV,0,2023-06,-0.0701797285731752
754,CRV,0,2023-07,-0.2525969756738987
755,CRV,-1,2023-08,-0.2032019704433497
756,CRV,-1,2023-09,0.1450651357915653
757,CRV,-1,2023-10,-0.0748168145005784
758,CRV,-1,2023-11,0.164860358482701
759,CRV,-1,2023-12,0.082483449633208
760,CRV,-1,2024-01,-0.2484297520661157
761,CRV,-1,2024-02,0.3171321750604794
762,CRV,-1,2024-03,0.1584571714810485
763,CRV,-1,2024-04,-0.410348803689824
764,CRV,-1,2024-05,0.1290637985822535
765,CRV,-1,2024-06,-0.3814678501840225
766,CRV,0,2024-07,-0.0864543227161358
767,CRV,0,2024-08,0.0854406130268199
785,DGB,0,2023-06,-0.0399789584429247
786,DGB,0,2023-07,0.1199999999999998
787,DGB,0,2023-08,-0.1811399217221133
788,DGB,0,2023-09,-0.0597460791635549
789,DGB,0,2023-10,0.1224781572676727
790,DGB,0,2023-11,0.0752901217095951
791,DGB,0,2023-12,0.2492761252961306
792,DGB,0,2024-01,-0.2148124736620311
793,DGB,0,2024-02,0.6300818462364148
794,DGB,0,2024-03,0.303399456745411
795,DGB,0,2024-04,-0.3278812756551941
796,DGB,0,2024-05,0.0642675937235741
797,DGB,0,2024-06,-0.264677319678644
798,DGB,0,2024-07,-0.1682074678832992
799,DGB,0,2024-08,-0.0769341801385682
817,DOGE,0,2023-06,-0.0722958827634334
818,DOGE,0,2023-07,0.1715059425304648
819,DOGE,0,2023-08,-0.1811994349556953
820,DOGE,0,2023-09,-0.0265056461731492
821,DOGE,0,2023-10,0.0995650072498792
822,DOGE,0,2023-11,0.2225641025641025
823,DOGE,0,2023-12,0.0729865771812079
824,DOGE,0,2024-01,-0.1205182620350719
825,DOGE,0,2024-02,0.4897129794259587
826,DOGE,0,2024-03,0.8762148337595907
827,DOGE,0,2024-04,-0.3939476553980371
828,DOGE,0,2024-05,0.1920827710301393
829,DOGE,-1,2024-06,-0.2170440251572326
830,DOGE,0,2024-07,-0.0203229175034139
831,DOGE,0,2024-08,-0.1696457855034437
849,DOT,0,2023-06,-0.0253998118532456
850,DOT,0,2023-07,-0.0137065637065636
851,DOT,0,2023-08,-0.1642200039146605
852,DOT,0,2023-09,-0.0391100702576111
853,DOT,0,2023-10,0.0848159883012429
854,DOT,0,2023-11,0.2296113232981353
855,DOT,0,2023-12,0.4989950666910288
856,DOT,0,2024-01,-0.189176011701609
857,DOT,0,2024-02,0.2415814792543595
858,DOT,0,2024-03,0.1679380070226419
859,DOT,0,2024-04,-0.3335061165249845
860,DOT,0,2024-05,0.0863275781614558
861,DOT,-1,2024-06,-0.1103951890034363
862,DOT,0,2024-07,-0.1327860936745534
863,DOT,-1,2024-08,-0.2095397178916108
881,DYDX,0,2023-06,0.013738959764475
882,DYDX,-1,2023-07,0.0275895450145209
883,DYDX,0,2023-08,0.0433349034385301
884,DYDX,0,2023-09,-0.109706546275395
885,DYDX,0,2023-10,0.1698782961460445
886,DYDX,-1,2023-11,0.4070221066319897
887,DYDX,-1,2023-12,-0.0908810844115834
888,DYDX,0,2024-01,-0.1087766858691969
889,DYDX,0,2024-02,0.2627376425855514
890,DYDX,0,2024-03,0.0331225534477566
891,DYDX,0,2024-04,-0.4124162051879918
892,DYDX,0,2024-05,-0.0079365079365079
893,DYDX,0,2024-06,-0.3025
894,DYDX,-1,2024-07,-0.1448028673835125
895,DYDX,0,2024-08,-0.2313495389773679
913,EGLD,0,2023-06,-0.0524029323920717
914,EGLD,0,2023-07,-0.0828080229226361
915,EGLD,0,2023-08,-0.1808809746954076
916,EGLD,0,2023-09,-0.0324180015255529
917,EGLD,0,2023-10,0.1840756799369334
918,EGLD,0,2023-11,0.448069241011984
919,EGLD,0,2023-12,0.5632183908045978
920,EGLD,0,2024-01,-0.218235294117647
921,EGLD,0,2024-02,0.131489841986456
922,EGLD,0,2024-03,0.0016625103906899
923,EGLD,0,2024-04,-0.3631535269709544
924,EGLD,0,2024-05,0.0127703935366172
925,EGLD,0,2024-06,-0.2364899639732371
926,EGLD,0,2024-07,0.0444893832153689
927,EGLD,0,2024-08,-0.0700225879315907
945,ENJ,0,2023-06,-0.0854195535026943
946,ENJ,0,2023-07,0.0025925053028517
947,ENJ,0,2023-08,-0.2142185506078312
948,ENJ,0,2023-09,-0.039702551391085
949,ENJ,0,2023-10,0.1277703604806408
950,ENJ,0,2023-11,0.1994791050076949
951,ENJ,0,2023-12,0.2694762468745886
952,ENJ,0,2024-01,-0.2333428356700443
953,ENJ,0,2024-02,0.4406584862928033
954,ENJ,0,2024-03,0.1882259086323001
955,ENJ,0,2024-04,-0.3991034932169586
956,ENJ,0,2024-05,0.0405849490634242
957,ENJ,0,2024-06,-0.3859150481604294
958,ENJ,0,2024-07,-0.1027513499614297
959,ENJ,0,2024-08,-0.2050782369461797
977,ENS,0,2023-06,-0.072936468234117
978,ENS,0,2023-07,0.0304338441614504
979,ENS,0,2023-08,-0.1788856304985338
980,ENS,0,2023-09,0.0237244897959183
981,ENS,0,2023-10,-0.0352604036880138
982,ENS,0,2023-11,0.0884670024538294
983,ENS,0,2023-12,0.1467726625533931
984,ENS,0,2024-01,0.8453181583031559
985,ENS,0,2024-02,0.1729744883655732
986,ENS,0,2024-03,0.0710803059273421
987,ENS,0,2024-04,-0.3484625340295443
988,ENS,0,2024-05,0.7689567778614972
989,ENS,0,2024-06,0.1887705711519844
990,ENS,1,2024-07,-0.1724104234527687
991,ENS,1,2024-08,-0.3026331326012516
1009,EOS,0,2023-06,-0.1567130669061518
1010,EOS,0,2023-07,-0.0070553780617678
1011,EOS,0,2023-08,-0.2127631049738569
1012,EOS,-1,2023-09,-0.0085149863760217
1013,EOS,-1,2023-10,0.0958433527997251
1014,EOS,-1,2023-11,0.0644200626959248
1015,EOS,0,2023-12,0.2445884258577528
1016,EOS,-1,2024-01,-0.1843350686228111
1017,EOS,-1,2024-02,0.2489120974760661
1018,EOS,0,2024-03,0.2783972125435541
1019,EOS,0,2024-04,-0.3099845552830017
1020,EOS,0,2024-05,0.0710994075049376
1021,EOS,-1,2024-06,-0.2897357098955132
1022,EOS,-1,2024-07,0.0109034267912773
1023,EOS,0,2024-08,-0.1765108714261256
1041,ETH,1,2023-06,0.0321638831510571
1042,ETH,1,2023-07,-0.0400663981094121
1043,ETH,0,2023-08,-0.1133485247614891
1044,ETH,0,2023-09,0.0151588796403181
1045,ETH,1,2023-10,0.0861058742556184
1046,ETH,0,2023-11,0.1306978487039323
1047,ETH,1,2023-12,0.1121399678346897
1048,ETH,1,2024-01,0.0005433829973706
1049,ETH,1,2024-02,0.4629167323627829
1050,ETH,0,2024-03,0.0912882201311902
1051,ETH,1,2024-04,-0.1730153548178244
1052,ETH,1,2024-05,0.2481945296820316
1053,ETH,1,2024-06,-0.0862563851784128
1054,ETH,1,2024-07,-0.0597340950009744
1055,ETH,1,2024-08,-0.2226003031521638
1073,FIL,0,2023-06,-0.1585677749360614
1074,FIL,0,2023-07,0.0775075987841944
1075,FIL,0,2023-08,-0.2442407146215326
1076,FIL,0,2023-09,0.0435458786936235
1077,FIL,0,2023-10,0.1397913561847987
1078,FIL,0,2023-11,0.1461820083682008
1079,FIL,0,2023-12,0.5799680584074833
1080,FIL,0,2024-01,-0.283610108303249
1081,FIL,0,2024-02,0.6420076597460189
1082,FIL,0,2024-03,0.2229315001227594
1083,FIL,0,2024-04,-0.4351535836177475
1084,FIL,0,2024-05,0.019015461169362
1085,FIL,0,2024-06,-0.2186955005231948
1086,FIL,0,2024-07,-0.0607142857142857
1087,FIL,0,2024-08,-0.1516159695817491
1105,FTM,-1,2023-06,-0.0258083085484026
1106,FTM,-1,2023-07,-0.2285142144310945
1107,FTM,-1,2023-08,-0.1476958427300965
1108,FTM,0,2023-09,-0.0049925112331502
1109,FTM,0,2023-10,0.2091319618665328
1110,FTM,0,2023-11,0.2597725952361192
1111,FTM,-1,2023-12,0.5545819882732723
1112,FTM,0,2024-01,-0.252722803746239
1113,FTM,-1,2024-02,0.3094110641676355
1114,FTM,0,2024-03,1.174863032980359
1115,FTM,0,2024-04,-0.3584180498441747
1116,FTM,0,2024-05,0.2297318269290458
1117,FTM,0,2024-06,-0.2556190764648721
1118,FTM,0,2024-07,-0.3025905330259053
1119,FTM,0,2024-08,0.0307759626604433
1137,FTT,0,2023-06,1.0259356879283077
1138,FTT,0,2023-07,-0.3018838467943381
1139,FTT,1,2023-08,-0.2418188594856504
1140,FTT,1,2023-09,0.1031363681053978
1141,FTT,0,2023-10,0.08903743315508
1142,FTT,0,2023-11,2.356657664293313
1143,FTT,0,2023-12,-0.2520785078629769
1144,FTT,0,2024-01,-0.25524840266006
1145,FTT,1,2024-02,-0.2079576293443054
1146,FTT,0,2024-03,0.0563691627521414
1147,FTT,1,2024-04,-0.2901909495160868
1148,FTT,0,2024-05,0.1802771226415094
1149,FTT,0,2024-06,-0.1067191207693267
1150,FTT,0,2024-07,-0.0492834673191191
1151,FTT,0,2024-08,-0.0508823529411766
1169,GALA,0,2023-06,-0.1650254668930389
1170,GALA,0,2023-07,-0.0658804392029279
1171,GALA,1,2023-08,-0.1811057901610796
1172,GALA,1,2023-09,-0.2429558745348219
1173,GALA,0,2023-10,0.3441011235955058
1174,GALA,0,2023-11,0.3155694879832811
1175,GALA,0,2023-12,0.205321683876092
1176,GALA,0,2024-01,-0.2833607907742999
1177,GALA,0,2024-02,0.8289655172413795
1178,GALA,0,2024-03,0.7365510306686778
1179,GALA,0,2024-04,-0.4031557614360161
1180,GALA,0,2024-05,0.0552995391705068
1181,GALA,0,2024-06,-0.3635945759595496
1182,GALA,0,2024-07,-0.2094618996027446
1183,GALA,0,2024-08,-0.132023755139333
1201,GENE,0,2023-06,-0.1196198993851314
1202,GENE,0,2023-07,-0.1044444444444444
1203,GENE,0,2023-08,-0.1602268699042893
1204,GENE,0,2023-09,-0.2245673279864921
1205,GENE,0,2023-10,-0.1437125748502994
1206,GENE,0,2023-11,2.5638906547997458
1207,GENE,0,2023-12,-0.3221548341063146
1208,GENE,0,2024-01,-0.1876315789473684
1209,GENE,0,2024-02,0.4130223517978619
1210,GENE,0,2024-03,-0.1577258138468591
1211,GENE,0,2024-04,-0.4017419706042461
1212,GENE,0,2024-05,-0.3280254777070064
1213,GENE,0,2024-06,0.1333784698713609
1214,GENE,0,2024-07,-0.089605734767025
1215,GENE,0,2024-08,-0.3674540682414698
1233,GODS,0,2023-06,-0.106951196413915
1234,GODS,0,2023-07,0.1261930010604455
1235,GODS,0,2023-08,0.0635279347143753
1236,GODS,0,2023-09,-0.0680557195136346
1237,GODS,0,2023-10,0.4053454936981442
1238,GODS,0,2023-11,0.4961016719996394
1239,GODS,0,2023-12,0.0225321565201674
1240,GODS,0,2024-01,-0.183060833701576
1241,GODS,0,2024-02,0.3087158775377736
1242,GODS,0,2024-03,0.0277196076270251
1243,GODS,0,2024-04,-0.4396750496005147
1244,GODS,0,2024-05,0.1337863055648593
1245,GODS,0,2024-06,-0.2719983118801435
1246,GODS,0,2024-07,0.4595942028985509
1247,GODS,0,2024-08,-0.3346175232345698
1265,GRT,0,2023-06,-0.2096010818120351
1266,GRT,0,2023-07,0.0483794316129644
1267,GRT,0,2023-08,-0.1965548504079781
1268,GRT,0,2023-09,0.0120740239223651
1269,GRT,0,2023-10,0.1608875013936892
1270,GRT,0,2023-11,0.3724548597771802
1271,GRT,0,2023-12,0.2909727081875437
1272,GRT,0,2024-01,-0.1618061578490893
1273,GRT,0,2024-02,0.8204100109939858
1274,GRT,0,2024-03,0.3945077977903299
1275,GRT,0,2024-04,-0.3982524073979722
1276,GRT,0,2024-05,0.262054951102832
1277,GRT,0,2024-06,-0.2933816376505316
1278,GRT,0,2024-07,-0.146024210776169
1279,GRT,0,2024-08,-0.1898382344766245
1297,HBAR,0,2023-06,-0.0095516569200778
1298,HBAR,1,2023-07,0.0293249360362133
1299,HBAR,0,2023-08,0.001338432122371
1300,HBAR,0,2023-09,-0.0490738972694291
1301,HBAR,0,2023-10,0.0550200803212852
1302,HBAR,0,2023-11,0.1476969927674152
1303,HBAR,0,2023-12,0.4258706467661692
1304,HBAR,0,2024-01,-0.190974645266341
1305,HBAR,0,2024-02,0.645198389879241
1306,HBAR,0,2024-03,0.011184900384481
1307,HBAR,0,2024-04,-0.1895955755271344
1308,HBAR,0,2024-05,0.0676050330560886
1309,HBAR,0,2024-06,-0.2339192968437874
1310,HBAR,0,2024-07,-0.1792698826597131
1311,HBAR,0,2024-08,-0.2055599682287531
1329,HOT,0,2023-06,-0.1311787072243345
1330,HOT,0,2023-07,-0.075857038657914
1331,HOT,0,2023-08,-0.1767955801104971
1332,HOT,-1,2023-09,-0.0038350910834132
1333,HOT,0,2023-10,0.3330125120307987
1334,HOT,0,2023-11,0.1039711191335739
1335,HOT,0,2023-12,0.5853499018966644
1336,HOT,0,2024-01,-0.2334983498349834
1337,HOT,0,2024-02,0.4881593110871904
1338,HOT,0,2024-03,0.2448462929475587
1339,HOT,0,2024-04,-0.3280069726902964
1340,HOT,0,2024-05,0.0458279290964116
1341,HOT,0,2024-06,-0.239355105415461
1342,HOT,0,2024-07,-0.1331521739130434
1343,HOT,0,2024-08,0.0031347962382444
1361,ICP,0,2023-06,-0.1246554560799982
1362,ICP,0,2023-07,0.0285107525569359
1363,ICP,0,2023-08,-0.2079269016257268
1364,ICP,0,2023-09,-0.0525558818241745
1365,ICP,0,2023-10,0.2480708412397216
1366,ICP,0,2023-11,0.1563957024123252
1367,ICP,0,2023-12,1.913204487685161
1368,ICP,0,2024-01,-0.1373178785531077
1369,ICP,0,2024-02,0.0973136514634975
1370,ICP,-1,2024-03,0.4920859422178429
1371,ICP,0,2024-04,-0.3141994440361695
1372,ICP,0,2024-05,-0.0797089632787445
1373,ICP,0,2024-06,-0.3103547200378007
1374,ICP,0,2024-07,0.0951623559351064
1375,ICP,-1,2024-08,-0.155476360711413
1393,IMX,0,2023-06,0.0216186481468749
1394,IMX,0,2023-07,0.0312033060966252
1395,IMX,0,2023-08,-0.2683245218980484
1396,IMX,-1,2023-09,0.0519000892060659
1397,IMX,-1,2023-10,0.1165555725164946
1398,IMX,0,2023-11,0.9448132338867709
1399,IMX,0,2023-12,0.6657710362495999
1400,IMX,0,2024-01,-0.0948154191693979
1401,IMX,0,2024-02,0.6554292759238729
1402,IMX,0,2024-03,-0.047616514484908
1403,IMX,0,2024-04,-0.3678509119225119
1404,IMX,0,2024-05,0.1289143914469408
1405,IMX,0,2024-06,-0.271047227926078
1406,IMX,0,2024-07,-0.1197246257815953
1407,IMX,0,2024-08,-0.0223140614461807
1425,IZI,0,2023-06,-0.09449063986838
1426,IZI,0,2023-07,-0.2511785503830288
1427,IZI,0,2023-08,-0.1656502065709226
1428,IZI,0,2023-09,-0.1800675941208833
1429,IZI,0,2023-10,0.181269171779141
1430,IZI,0,2023-11,0.1955692607319645
1431,IZI,0,2023-12,-0.1201384646711463
1432,IZI,1,2024-01,0.0701226567924091
1433,IZI,0,2024-02,0.0723039215686274
1434,IZI,0,2024-03,0.1043361344537816
1435,IZI,0,2024-04,-0.2047239301150545
1436,IZI,0,2024-05,-0.1441365584813226
1437,IZI,0,2024-06,-0.1906806189070745
1438,IZI,0,2024-07,-0.205658083766162
1439,IZI,0,2024-08,0.4062326099053979
1457,JASMY,0,2023-06,-0.0849759088918089
1458,JASMY,1,2023-07,-0.0677357587362375
1459,JASMY,1,2023-08,-0.0718870346598202
1460,JASMY,0,2023-09,-0.033195020746888
1461,JASMY,0,2023-10,0.1072961373390559
1462,JASMY,0,2023-11,0.2739018087855298
1463,JASMY,0,2023-12,0.3290060851926977
1464,JASMY,0,2024-01,-0.2554945054945053
1465,JASMY,0,2024-02,3.1051660516605164
1466,JASMY,1,2024-03,0.0890886392009986
1467,JASMY,0,2024-04,-0.2253656747214453
1468,JASMY,0,2024-05,0.992541730791997
1469,JASMY,0,2024-06,-0.1396530212108608
1470,JASMY,0,2024-07,0.0007941714719794
1471,JASMY,0,2024-08,-0.3437413745514767
1489,KSM,0,2023-06,-0.0458454994957259
1490,KSM,0,2023-07,-0.0951781472684086
1491,KSM,0,2023-08,-0.1729232842429492
1492,KSM,0,2023-09,0.010394900415267
1493,KSM,0,2023-10,0.1213717277486909
1494,KSM,0,2023-11,0.2065112847951742
1495,KSM,0,2023-12,0.7469051479608224
1496,KSM,0,2024-01,-0.1597260219350809
1497,KSM,0,2024-02,0.2901383795697025
1498,KSM,0,2024-03,-0.0102620899353049
1499,KSM,0,2024-04,-0.4062314184725158
1500,KSM,0,2024-05,0.0577100277127746
1501,KSM,0,2024-06,-0.2176961767316479
1502,KSM,0,2024-07,-0.1383247397770298
1503,KSM,0,2024-08,-0.1122349452821722
1521,LDO,0,2023-06,-0.0187604690117253
1522,LDO,0,2023-07,-0.1001316880456518
1523,LDO,0,2023-08,-0.1534417344173441
1524,LDO,0,2023-09,0.0946923618669568
1525,LDO,0,2023-10,0.0684875424026201
1526,LDO,0,2023-11,0.2890689145547103
1527,LDO,0,2023-12,0.1226326963906583
1528,LDO,0,2024-01,0.070428928058098
1529,LDO,0,2024-02,0.1875971731448762
1530,LDO,0,2024-03,-0.118361153262519
1531,LDO,0,2024-04,-0.3683979615942763
1532,LDO,0,2024-05,0.3512156024579214
1533,LDO,1,2024-06,-0.2186412527681113
1534,LDO,1,2024-07,-0.1846753378207399
1535,LDO,0,2024-08,-0.342830540037244
1553,LINK,-1,2023-06,-0.0267504322054827
1554,LINK,-1,2023-07,0.1970944156317899
1555,LINK,-1,2023-08,-0.2217202363602639
1556,LINK,-1,2023-09,0.3942256949764227
1557,LINK,0,2023-10,0.3861369214051113
1558,LINK,0,2023-11,0.2691806282261331
1559,LINK,0,2023-12,0.0367491411319707
1560,LINK,0,2024-01,0.0327420002677734
1561,LINK,0,2024-02,0.2492756253605668
1562,LINK,0,2024-03,-0.0052613281999928
1563,LINK,0,2024-04,-0.3147360898843584
1564,LINK,0,2024-05,0.4015025804192609
1565,LINK,1,2024-06,-0.2243090141808918
1566,LINK,1,2024-07,-0.101903781656759
1567,LINK,1,2024-08,-0.1413379902858881
1585,LRC,-1,2023-06,-0.1670258620689655
1586,LRC,-1,2023-07,-0.0668391548081068
1587,LRC,0,2023-08,-0.1714417744916822
1588,LRC,0,2023-09,0.0055772448410484
1589,LRC,0,2023-10,0.091514143094842
1590,LRC,0,2023-11,0.0980691056910567
1591,LRC,0,2023-12,0.3794539565016195
1592,LRC,-1,2024-01,-0.227440456222744
1593,LRC,-1,2024-02,0.2462006079027354
1594,LRC,0,2024-03,0.3324041811846692
1595,LRC,-1,2024-04,-0.3825836820083682
1596,LRC,-1,2024-05,0.1507835662854721
1597,LRC,0,2024-06,-0.3389768126610232
1598,LRC,0,2024-07,-0.1971046770601336
1599,LRC,0,2024-08,-0.1269070735090151
1617,LTC,1,2023-06,0.2016806722689077
1618,LTC,0,2023-07,-0.1505336768494664
1619,LTC,0,2023-08,-0.307842287694974
1620,LTC,0,2023-09,0.0320813771517998
1621,LTC,0,2023-10,0.0450341167551175
1622,LTC,0,2023-11,0.007109692396982
1623,LTC,0,2023-12,0.0492724391298085
1624,LTC,0,2024-01,-0.0833447755045996
1625,LTC,0,2024-02,0.1965248651887357
1626,LTC,0,2024-03,0.3152228342513772
1627,LTC,0,2024-04,-0.2432895488292404
1628,LTC,0,2024-05,0.0467924528301886
1629,LTC,0,2024-06,-0.0948089401586157
1630,LTC,0,2024-07,-0.0688968538430904
1631,LTC,0,2024-08,-0.0738522954091817
1649,LUNC,0,2023-06,0.0325135965949396
1650,LUNC,1,2023-07,-0.0790106492614222
1651,LUNC,0,2023-08,-0.2310083302250404
1652,LUNC,0,2023-09,0.0158447857720291
1653,LUNC,0,2023-10,0.0179850389941109
1654,LUNC,1,2023-11,0.8369293308317698
1655,LUNC,1,2023-12,0.1813771384798708
1656,LUNC,0,2024-01,-0.3147694524495678
1657,LUNC,1,2024-02,0.4752391967195877
1658,LUNC,0,2024-03,0.1315658185446511
1659,LUNC,0,2024-04,-0.3709768848019147
1660,LUNC,0,2024-05,0.1938520076098928
1661,LUNC,0,2024-06,-0.3080600520003355
1662,LUNC,0,2024-07,-0.0544242424242424
1663,LUNC,0,2024-08,0.0049993590565311
1681,MANA,-1,2023-06,-0.1690779529259339
1682,MANA,-1,2023-07,-0.0067567567567566
1683,MANA,-1,2023-08,-0.2299843014128728
1684,MANA,0,2023-09,0.0499490316004076
1685,MANA,0,2023-10,0.1776699029126214
1686,MANA,-1,2023-11,0.1871393239901071
1687,MANA,-1,2023-12,0.2048611111111109
1688,MANA,-1,2024-01,-0.1707973102785782
1689,MANA,-1,2024-02,0.5173772011121409
1690,MANA,-1,2024-03,0.0229042601923958
1691,MANA,-1,2024-04,-0.3778175847141365
1692,MANA,-1,2024-05,0.0664587332053743
1693,MANA,0,2024-06,-0.2371203599550055
1694,MANA,0,2024-07,-0.0802123267472721
1695,MANA,0,2024-08,-0.1346585444052582
1713,MKR,0,2023-06,0.3119381800977763
1714,MKR,0,2023-07,0.4732539968746243
1715,MKR,0,2023-08,-0.0575228459530026
1716,MKR,0,2023-09,0.3237814907800191
1717,MKR,0,2023-10,-0.1058138774442482
1718,MKR,0,2023-11,0.1170189424413077
1719,MKR,0,2023-12,0.1100635107706411
1720,MKR,0,2024-01,0.1562463135543232
1721,MKR,0,2024-02,0.0666224557465695
1722,MKR,0,2024-03,0.876799464345497
1723,MKR,0,2024-04,-0.3212374496712705
1724,MKR,0,2024-05,0.0150172698603394
1725,MKR,0,2024-06,-0.0608447995265571
1726,MKR,0,2024-07,0.1028710960576584
1727,MKR,1,2024-08,-0.3724600935614042
1745,MX,1,2023-06,-0.1413507486460655
1746,MX,0,2023-07,0.0130968723333209
1747,MX,0,2023-08,0.0055299201640663
1748,MX,-1,2023-09,-0.1848344684415631
1749,MX,-1,2023-10,0.2439907068179787
1750,MX,0,2023-11,0.0594763495313004
1751,MX,0,2023-12,-0.0590189497949084
1752,MX,0,2024-01,-0.0132934649470422
1753,MX,0,2024-02,0.0647340173062176
1754,MX,0,2024-03,0.466188875934435
1755,MX,0,2024-04,0.1166358724887153
1756,MX,0,2024-05,-0.0908805294906167
1757,MX,1,2024-06,-0.0050685404907266
1758,MX,1,2024-07,-0.0949172166261433
1759,MX,0,2024-08,-0.0527298777055722
1777,NEXO,1,2023-06,-0.0463673951565268
1778,NEXO,0,2023-07,0.0195106844224217
1779,NEXO,0,2023-08,-0.1075334143377885
1780,NEXO,0,2023-09,-0.0425459496255956
1781,NEXO,0,2023-10,0.1325986491290436
1782,NEXO,0,2023-11,0.1858129315756436
1783,NEXO,0,2023-12,0.1249338274219162
1784,NEXO,0,2024-01,0.0263529411764704
1785,NEXO,0,2024-02,0.5793214121962402
1786,NEXO,1,2024-03,-0.0165481201916097
1787,NEXO,1,2024-04,-0.120590405904059
1788,NEXO,1,2024-05,0.2136623027861697
1789,NEXO,1,2024-06,-0.1622873738072189
1790,NEXO,0,2024-07,-0.038382170862567
1791,NEXO,1,2024-08,-0.1433476394849785
1809,OMG,0,2023-06,-0.1228304405874498
1810,OMG,0,2023-07,-0.1065449010654491
1811,OMG,0,2023-08,-0.1890971039182283
1812,OMG,0,2023-09,0.0567226890756302
1813,OMG,0,2023-10,0.1172962226640159
1814,OMG,0,2023-11,0.1281138790035585
1815,OMG,0,2023-12,0.3075709779179809
1816,OMG,0,2024-01,-0.241254523522316
1817,OMG,0,2024-02,0.3879173290937996
1818,OMG,0,2024-03,0.2817869415807559
1819,OMG,0,2024-04,-0.4611260053619302
1820,OMG,0,2024-05,0.1923714759535655
1821,OMG,0,2024-06,-0.5173852573018081
1822,OMG,0,2024-07,-0.2795389048991353
1823,OMG,0,2024-08,-0.152
1841,ONE,0,2023-06,-0.1100278551532033
1842,ONE,0,2023-07,-0.0876369327073551
1843,ONE,0,2023-08,-0.1646655231560891
1844,ONE,0,2023-09,-0.0020533880903491
1845,ONE,0,2023-10,0.2078189300411523
1846,ONE,0,2023-11,0.1303236797274276
1847,ONE,0,2023-12,0.4144687264506403
1848,ONE,0,2024-01,-0.2498668087373468
1849,ONE,0,2024-02,0.7507102272727271
1850,ONE,0,2024-03,0.295740365111562
1851,ONE,1,2024-04,-0.439261114589856
1852,ONE,0,2024-05,0.2144053601340032
1853,ONE,0,2024-06,-0.3163218390804597
1854,ONE,0,2024-07,-0.117014122394082
1855,ONE,0,2024-08,-0.1675552170601675
1873,PERP,-1,2023-06,-0.0615866388308976
1874,PERP,0,2023-07,-0.0912124582869854
1875,PERP,0,2023-08,-0.1372909016727866
1876,PERP,1,2023-09,0.4603925277843463
1877,PERP,0,2023-10,-0.0501943005181347
1878,PERP,0,2023-11,0.0842141152403681
1879,PERP,0,2023-12,0.7913522012578615
1880,PERP,0,2024-01,-0.0406389888528043
1881,PERP,0,2024-02,0.19871912168344
1882,PERP,0,2024-03,0.1203633033124713
1883,PERP,0,2024-04,-0.3306764765992234
1884,PERP,0,2024-05,0.1506361323155216
1885,PERP,0,2024-06,-0.3315347191508182
1886,PERP,-1,2024-07,-0.2172819902077544
1887,PERP,0,2024-08,-0.037869822485207
1905,PLT,0,2023-06,-0.143223819301848
1906,PLT,0,2023-07,0.3934491711603753
1907,PLT,0,2023-08,-0.3005589795040848
1908,PLT,0,2023-09,0.030122950819672
1909,PLT,1,2023-10,-0.0226775412771036
1910,PLT,1,2023-11,-0.0002035416242621
1911,PLT,1,2023-12,0.0688110749185668
1912,PLT,1,2024-01,-0.0681904761904761
1913,PLT,0,2024-02,0.088511856091578
1914,PLT,0,2024-03,0.0031924882629108
1915,PLT,0,2024-04,-0.1991763384500188
1916,PLT,0,2024-05,-0.0998129967274426
1917,PLT,0,2024-06,-0.2183848351077643
1918,PLT,0,2024-07,-0.0282392026578072
1919,PLT,0,2024-08,-0.1213675213675213
1937,PSP,0,2023-06,0.062623227865928
1938,PSP,0,2023-07,-0.1823643753313306
1939,PSP,0,2023-08,-0.0807218500108061
1940,PSP,-1,2023-09,-0.1741311077152149
1941,PSP,-1,2023-10,0.3259002704369693
1942,PSP,-1,2023-11,0.0682745294496529
1943,PSP,-1,2023-12,0.3548603202250955
1944,PSP,-1,2024-01,-0.0877670094936707
1945,PSP,0,2024-02,0.4487777115290801
1946,PSP,0,2024-03,-0.1504012570851338
1947,PSP,0,2024-04,-0.3155646564061914
1948,PSP,-1,2024-05,-0.2942255106964774
1949,PSP,-1,2024-06,-0.1515110077943389
1950,PSP,-1,2024-07,0.0243889336556539
1951,PSP,-1,2024-08,-0.2185222088205988
1969,PTU,0,2023-06,-0.1342661506400714
1970,PTU,0,2023-07,-0.077716643741403
1971,PTU,0,2023-08,-0.2602535421327367
1972,PTU,0,2023-09,0.2268145161290322
1973,PTU,0,2023-10,0.090797041906327
1974,PTU,0,2023-11,0.0497175141242938
1975,PTU,-1,2023-12,0.7972730534625045
1976,PTU,0,2024-01,-0.0507087242962668
1977,PTU,0,2024-02,-0.1104100946372239
1978,PTU,0,2024-03,-0.0822695035460993
1979,PTU,0,2024-04,-0.2199896960329727
1980,PTU,0,2024-05,-0.1509247027741084
1981,PTU,0,2024-06,-0.2010890704006223
1982,PTU,0,2024-07,0.0443037974683544
1983,PTU,0,2024-08,-0.0694638694638694
2001,QNT,0,2023-06,-0.0737564322469982
2002,QNT,0,2023-07,0.0138888888888888
2003,QNT,1,2023-08,-0.0922374429223743
2004,QNT,1,2023-09,-0.0915492957746479
2005,QNT,1,2023-10,0.1450719822812847
2006,QNT,1,2023-11,-0.0328820116054159
2007,QNT,1,2023-12,0.3780000000000001
2008,QNT,0,2024-01,-0.2554426705370103
2009,QNT,1,2024-02,0.1208576998050683
2010,QNT,1,2024-03,0.1504347826086958
2011,QNT,0,2024-04,-0.2471655328798186
2012,QNT,0,2024-05,-0.0903614457831325
2013,QNT,0,2024-06,-0.1467991169977924
2014,QNT,0,2024-07,-0.1086675291073737
2015,QNT,0,2024-08,-0.0928882438316401
2033,QTUM,1,2023-06,0.0228894060199136
2034,QTUM,0,2023-07,-0.0356916421138999
2035,QTUM,0,2023-08,-0.1613938737623762
2036,QTUM,0,2023-09,0.0292856154591154
2037,QTUM,-1,2023-10,0.4170624607939781
2038,QTUM,0,2023-11,-0.0466388414595585
2039,QTUM,0,2023-12,0.2296441245729827
2040,QTUM,0,2024-01,-0.236682400539447
2041,QTUM,0,2024-02,0.2925441696113073
2042,QTUM,0,2024-03,0.3377074277590968
2043,QTUM,0,2024-04,-0.2493664677511649
2044,QTUM,-1,2024-05,-0.0459297576912605
2045,QTUM,0,2024-06,-0.2538310076192107
2046,QTUM,0,2024-07,-0.0147621232981488
2047,QTUM,0,2024-08,-0.1138498563776103
2065,REAL,0,2023-06,-0.2116675993284835
2066,REAL,0,2023-07,-0.1684117125110913
2067,REAL,0,2023-08,0.0620998719590268
2068,REAL,0,2023-09,-0.0440024110910187
2069,REAL,0,2023-10,-0.0401429171920973
2070,REAL,0,2023-11,-0.3391723231880885
2071,REAL,0,2023-12,9.85685884691849
2072,REAL,0,2024-01,-0.5644875785875603
2073,REAL,0,2024-02,0.1328661527680448
2074,REAL,0,2024-03,0.0362489174811333
2075,REAL,0,2024-04,-0.5387416427889207
2076,REAL,0,2024-05,-0.2251844182735861
2077,REAL,0,2024-06,-0.1534992483714714
2078,REAL,0,2024-07,-0.2795974743488556
2079,REAL,0,2024-08,-0.2908792111750206
2097,REN,0,2023-06,-0.1222942230801048
2098,REN,0,2023-07,-0.0700596921143573
2099,REN,0,2023-08,-0.2206081081081081
2100,REN,1,2023-09,0.0483311660164715
2101,REN,0,2023-10,0.0140583005995451
2102,REN,0,2023-11,0.1983690112130478
2103,REN,0,2023-12,0.2092548485879553
2104,REN,0,2024-01,-0.2483117613956106
2105,REN,0,2024-02,0.5176866928691746
2106,REN,0,2024-03,0.2470094956221482
2107,REN,0,2024-04,-0.4362143987341772
2108,REN,0,2024-05,0.2092615330643747
2109,REN,0,2024-06,-0.282274441543371
2110,REN,0,2024-07,-0.114389652384802
2111,REN,0,2024-08,-0.0577361935189411
2129,RUNE,0,2023-06,-0.064401352072585
2130,RUNE,0,2023-07,-0.0907016543069024
2131,RUNE,0,2023-08,0.6241112505227937
2132,RUNE,0,2023-09,0.2407776990922552
2133,RUNE,0,2023-10,0.523789757692108
2134,RUNE,0,2023-11,1.1994347589212748
2135,RUNE,0,2023-12,-0.2024987227718173
2136,RUNE,0,2024-01,-0.0979752683788557
2137,RUNE,0,2024-02,0.2358283476090044
2138,RUNE,0,2024-03,0.5162127333519086
2139,RUNE,0,2024-04,-0.4444737960421284
2140,RUNE,0,2024-05,0.2564091961627521
2141,RUNE,0,2024-06,-0.3147770281388843
2142,RUNE,0,2024-07,0.0181551835930933
2143,RUNE,0,2024-08,-0.0742033634455268
2161,RVN,0,2023-06,-0.02953995157385
2162,RVN,0,2023-07,-0.0873253493013971
2163,RVN,0,2023-08,-0.1858939311098961
2164,RVN,0,2023-09,0.0288784419073202
2165,RVN,0,2023-10,0.1181462140992166
2166,RVN,0,2023-11,0.0910683012259194
2167,RVN,0,2023-12,0.124665596575709
2168,RVN,0,2024-01,-0.1450999048525214
2169,RVN,0,2024-02,0.4346132442960491
2170,RVN,1,2024-03,0.9328937160589604
2171,RVN,0,2024-04,-0.4236403772827614
2172,RVN,0,2024-05,-0.0139275766016712
2173,RVN,0,2024-06,-0.2948446327683616
2174,RVN,0,2024-07,-0.1056584877315974
2175,RVN,0,2024-08,-0.0923852183650617
2193,SAND,-1,2023-06,-0.2137137701590166
2194,SAND,-1,2023-07,0.0115700898833428
2195,SAND,0,2023-08,-0.267629265526042
2196,SAND,0,2023-09,0.0023877900035493
2197,SAND,0,2023-10,0.1146628037984871
2198,SAND,0,2023-11,0.1792531839316138
2199,SAND,0,2023-12,0.4561394916001373
2200,SAND,-1,2024-01,-0.265455768583922
2201,SAND,-1,2024-02,0.3931678725157983
2202,SAND,0,2024-03,0.1545983434130948
2203,SAND,-1,2024-04,-0.4044551989182264
2204,SAND,0,2024-05,0.0323374760994263
2205,SAND,0,2024-06,-0.2329081101104344
2206,SAND,0,2024-07,-0.0659463374883048
2207,SAND,0,2024-08,-0.1865710223600877
2225,SHIB,1,2023-06,-0.1200866244411326
2226,SHIB,1,2023-07,0.1198692672082992
2227,SHIB,1,2023-08,-0.0562664681625371
2228,SHIB,1,2023-09,-0.0817317925154311
2229,SHIB,1,2023-10,0.0609465115961986
2230,SHIB,1,2023-11,0.0662614216133552
2231,SHIB,1,2023-12,0.2476708168110981
2232,SHIB,1,2024-01,-0.1358024691358024
2233,SHIB,1,2024-02,0.4035323049407555
2234,SHIB,1,2024-03,1.448072634597006
2235,SHIB,1,2024-04,-0.2715791528401328
2236,SHIB,1,2024-05,0.1356798956686407
2237,SHIB,1,2024-06,-0.3213531486819699
2238,SHIB,1,2024-07,-0.0772221803705228
2239,SHIB,1,2024-08,-0.1312915643584251
2257,SIS,0,2023-06,-0.174008920964266
2258,SIS,0,2023-07,0.1280868879315575
2259,SIS,0,2023-08,-0.1778184165232358
2260,SIS,0,2023-09,-0.0435038597409394
2261,SIS,0,2023-10,-0.0960262635934614
2262,SIS,1,2023-11,1.0503896496935765
2263,SIS,0,2023-12,0.1423247232472324
2264,SIS,0,2024-01,0.120231288561553
2265,SIS,0,2024-02,0.1406038236396667
2266,SIS,0,2024-03,0.3128049551257741
2267,SIS,0,2024-04,-0.3629833615775689
2268,SIS,0,2024-05,-0.1809909610326793
2269,SIS,0,2024-06,-0.2594123726561346
2270,SIS,0,2024-07,-0.1444377990430622
2271,SIS,0,2024-08,-0.0090877315623908
2289,SLP,0,2023-06,-0.2057035998129966
2290,SLP,0,2023-07,-0.0682754561506768
2291,SLP,0,2023-08,-0.1067593177511055
2292,SLP,0,2023-09,0.0183875530410184
2293,SLP,0,2023-10,0.9298611111111108
2294,SLP,0,2023-11,-0.1363799928031666
2295,SLP,1,2023-12,0.2645833333333334
2296,SLP,1,2024-01,-0.0537067545304777
2297,SLP,0,2024-02,0.496518105849582
2298,SLP,0,2024-03,0.3771521637971149
2299,SLP,0,2024-04,-0.3686433519175536
2300,SLP,0,2024-05,0.0353224511640353
2301,SLP,0,2024-06,-0.2243473765830963
2302,SLP,0,2024-07,-0.1302899033655449
2303,SLP,0,2024-08,-0.0448275862068965
2321,SNX,0,2023-06,-0.013842317943427
2322,SNX,0,2023-07,0.1185701830863119
2323,SNX,0,2023-08,-0.2452065471551051
2324,SNX,0,2023-09,0.0749690210656752
2325,SNX,0,2023-10,0.086599423631124
2326,SNX,-1,2023-11,0.4618308800777968
2327,SNX,-1,2023-12,0.1679114632155061
2328,SNX,-1,2024-01,-0.2091704639602319
2329,SNX,-1,2024-02,0.36667212309707
2330,SNX,-1,2024-03,0.1167325428194994
2331,SNX,-1,2024-04,-0.4317431035222447
2332,SNX,-1,2024-05,0.0726284398474954
2333,SNX,-1,2024-06,-0.2975189160654583
2334,SNX,-1,2024-07,-0.173688692951255
2335,SNX,-1,2024-08,-0.1904328846853401
2353,SOL,0,2023-06,-0.0941402497598463
2354,SOL,0,2023-07,0.258218451749735
2355,SOL,0,2023-08,-0.1685630004214074
2356,SOL,0,2023-09,0.0826153066396351
2357,SOL,0,2023-10,0.797752808988764
2358,SOL,0,2023-11,0.5440104166666666
2359,SOL,0,2023-12,0.7158036768426379
2360,SOL,0,2024-01,-0.0471837216160424
2361,SOL,0,2024-02,0.2961931290622097
2362,SOL,0,2024-03,0.6114294810569882
2363,SOL,1,2024-04,-0.3739504099575225
2364,SOL,1,2024-05,0.3069822485207101
2365,SOL,1,2024-06,-0.1149945671858021
2366,SOL,1,2024-07,0.1709978855466885
2367,SOL,1,2024-08,-0.2117311276794035
2385,SPELL,0,2023-06,-0.1949166835323484
2386,SPELL,0,2023-07,-0.0161726196711008
2387,SPELL,0,2023-08,-0.1718586972723207
2388,SPELL,0,2023-09,0.2595392368610509
2389,SPELL,0,2023-10,0.0161270567100804
2390,SPELL,0,2023-11,0.1417148826743812
2391,SPELL,0,2023-12,0.1185993313390814
2392,SPELL,0,2024-01,-0.2333018719521787
2393,SPELL,0,2024-02,1.8411949362933175
2394,SPELL,0,2024-03,-0.0719758515854619
2395,SPELL,0,2024-04,-0.3671698700490234
2396,SPELL,0,2024-05,0.199151552413157
2397,SPELL,0,2024-06,-0.2761969216886619
2398,SPELL,0,2024-07,-0.0914770634403423
2399,SPELL,0,2024-08,-0.175833086435154
2417,STETH,0,2023-06,0.0294530303919424
2418,STETH,0,2023-07,-0.0389071989718715
2419,STETH,0,2023-08,-0.1128628736574214
2420,STETH,0,2023-09,0.0155471276104346
2421,STETH,0,2023-10,0.0853133042073133
2422,STETH,0,2023-11,0.1309768672971407
2423,STETH,0,2023-12,0.1122298229618181
2424,STETH,0,2024-01,-0.0005348179646231
2425,STETH,0,2024-02,0.462470339001636
2426,STETH,0,2024-03,0.0892593114658717
2427,STETH,0,2024-04,-0.1706989358333677
2428,STETH,1,2024-05,0.2488197132783085
2429,STETH,0,2024-06,-0.086435441934163
2430,STETH,0,2024-07,-0.059575706428426
2431,STETH,0,2024-08,-0.2225939014352113
2449,SUSHI,0,2023-06,-0.1775923718712754
2450,SUSHI,-1,2023-07,-0.007246376811594
2451,SUSHI,-1,2023-08,-0.1357664233576643
2452,SUSHI,-1,2023-09,0.0135135135135135
2453,SUSHI,-1,2023-10,0.2866666666666668
2454,SUSHI,0,2023-11,0.6541450777202071
2455,SUSHI,0,2023-12,-0.0180109631949881
2456,SUSHI,0,2024-01,-0.1578947368421052
2457,SUSHI,0,2024-02,0.4431818181818181
2458,SUSHI,0,2024-03,0.2401574803149606
2459,SUSHI,0,2024-04,-0.4957671957671957
2460,SUSHI,0,2024-05,0.2193074501573977
2461,SUSHI,0,2024-06,-0.2788296041308089
2462,SUSHI,-1,2024-07,-0.2028639618138423
2463,SUSHI,-1,2024-08,-0.1646706586826347
2481,TEL,0,2023-06,-0.1412776412776414
2482,TEL,0,2023-07,-0.007868383404864
2483,TEL,0,2023-08,-0.2797404470079306
2484,TEL,0,2023-09,-0.022022022022022
2485,TEL,0,2023-10,0.5977482088024566
2486,TEL,0,2023-11,0.5701473414477898
2487,TEL,0,2023-12,-0.4753161974704202
2488,TEL,0,2024-01,-0.1228615863141523
2489,TEL,1,2024-02,0.851950354609929
2490,TEL,0,2024-03,0.938247965533748
2491,TEL,0,2024-04,-0.3751543591010124
2492,TEL,0,2024-05,0.3237154150197627
2493,TEL,0,2024-06,-0.2391758733950433
2494,TEL,0,2024-07,-0.2861067503924646
2495,TEL,0,2024-08,-0.1808686091258934
2513,THETA,0,2023-06,-0.1271247306679436
2514,THETA,0,2023-07,0.0769336258913879
2515,THETA,0,2023-08,-0.2127849229593785
2516,THETA,0,2023-09,0.0457780653510191
2517,THETA,0,2023-10,0.131631863882444
2518,THETA,0,2023-11,0.3832695462001092
2519,THETA,0,2023-12,0.2359683794466403
2520,THETA,0,2024-01,-0.2201790853853532
2521,THETA,0,2024-02,0.8881484519171621
2522,THETA,0,2024-03,0.6728023022207743
2523,THETA,0,2024-04,-0.3460464814333939
2524,THETA,0,2024-05,0.0579242567131583
2525,THETA,0,2024-06,-0.267852115980107
2526,THETA,0,2024-07,-0.125152194809356
2527,THETA,0,2024-08,-0.1213009082918253
2545,TRVL,0,2023-06,0.3306242851122749
2546,TRVL,0,2023-07,-0.3323304528796996
2547,TRVL,0,2023-08,-0.0748771810943588
2548,TRVL,0,2023-09,-0.1222852957333821
2549,TRVL,0,2023-10,0.2971292664608194
2550,TRVL,0,2023-11,-0.2282947856016984
2551,TRVL,0,2023-12,0.3098791162984577
2552,TRVL,0,2024-01,0.1424707230142567
2553,TRVL,0,2024-02,0.2732792958413415
2554,TRVL,0,2024-03,0.996040427021351
2555,TRVL,0,2024-04,-0.3941014653178875
2556,TRVL,0,2024-05,-0.1697236090007959
2557,TRVL,0,2024-06,-0.1900830047275657
2558,TRVL,0,2024-07,-0.1843662578007315
2559,TRVL,-1,2024-08,-0.2514675812941099
2577,UMA,0,2023-06,-0.1612869745718733
2578,UMA,0,2023-07,-0.0073629501299343
2579,UMA,0,2023-08,-0.1711649940784142
2580,UMA,0,2023-09,0.0559524704820635
2581,UMA,0,2023-10,0.0451534790969305
2582,UMA,0,2023-11,0.3196592844974446
2583,UMA,1,2023-12,0.1527935557162034
2584,UMA,0,2024-01,1.0036282194848822
2585,UMA,0,2024-02,-0.0840133240929109
2586,UMA,0,2024-03,0.0757572059649038
2587,UMA,0,2024-04,-0.4114163849626789
2588,UMA,0,2024-05,0.3321898007169563
2589,UMA,0,2024-06,-0.2967217383756257
2590,UMA,0,2024-07,0.0274417839216654
2591,UMA,0,2024-08,-0.0927401593721219
2609,UNI,0,2023-06,0.0498875241375191
2610,UNI,0,2023-07,0.2377747018335576
2611,UNI,0,2023-08,-0.3303206237840653
2612,UNI,0,2023-09,0.0194894317869889
2613,UNI,0,2023-10,-0.0691751929635613
2614,UNI,0,2023-11,0.4363986983246954
2615,UNI,-1,2023-12,0.2126566983839299
2616,UNI,-1,2024-01,-0.1695935566903308
2617,UNI,0,2024-02,0.8538646135386461
2618,UNI,0,2024-03,0.163812554497811
2619,UNI,0,2024-04,-0.4562665101262108
2620,UNI,0,2024-05,0.4147311598835144
2621,UNI,0,2024-06,-0.0662717140275128
2622,UNI,-1,2024-07,-0.2286912571244219
2623,UNI,-1,2024-08,-0.1710027326975628
2641,USDC,0,2023-06,0.0005001500450134
2642,USDC,0,2023-07,-9.998000399913388e-05
2643,USDC,0,2023-08,0.0001999800019998
2644,USDC,0,2023-09,-0.0003998800359891
2645,USDC,0,2023-10,-0.0003000300030002
2646,USDC,0,2023-11,0.0002000800320127
2647,USDC,0,2023-12,0.0004000800160031
2648,USDC,0,2024-01,0.0003999200159967
2649,USDC,0,2024-02,-0.0011992804317408
2650,USDC,0,2024-03,0.0006003602161297
2651,USDC,0,2024-04,0.0008999999999999
2652,USDC,0,2024-05,9.991008092713471e-05
2653,USDC,0,2024-06,0.0005994005994007
2654,USDC,0,2024-07,-0.0012979233226837
2655,USDC,0,2024-08,-0.0002999100269919
2673,WAVES,0,2023-06,0.146190006383843
2674,WAVES,1,2023-07,-0.0260759493670886
2675,WAVES,1,2023-08,-0.2201195736937873
2676,WAVES,1,2023-09,0.0463969068728751
2677,WAVES,0,2023-10,0.1316812129706313
2678,WAVES,0,2023-11,0.1667417248367484
2679,WAVES,0,2023-12,0.2897327028852647
2680,WAVES,1,2024-01,-0.2087838090606411
2681,WAVES,0,2024-02,0.279385342789598
2682,WAVES,0,2024-03,0.4060016999889131
2683,WAVES,0,2024-04,-0.4050729399395453
2684,WAVES,0,2024-05,0.057258990898648
2685,WAVES,0,2024-06,-0.5801504387797743
2686,WAVES,0,2024-07,0.2196675624564548
2687,WAVES,0,2024-08,-0.1381589685000815
2705,WEMIX,0,2023-06,-0.1991122384273937
2706,WEMIX,0,2023-07,-0.027236737925574
2707,WEMIX,0,2023-08,-0.0727657496337293
2708,WEMIX,0,2023-09,0.8435744382022472
2709,WEMIX,0,2023-10,0.1642700695171888
2710,WEMIX,1,2023-11,0.8384590217569117
2711,WEMIX,0,2023-12,0.1294656760243804
2712,WEMIX,1,2024-01,-0.0634576751880883
2713,WEMIX,1,2024-02,-0.0659067967698521
2714,WEMIX,1,2024-03,0.0394434688639742
2715,WEMIX,0,2024-04,-0.3378817413905133
2716,WEMIX,0,2024-05,-0.1619888779849526
2717,WEMIX,0,2024-06,0.0516043406979467
2718,WEMIX,0,2024-07,-0.2861172976985894
2719,WEMIX,0,2024-08,-0.0894342762063227
2737,WOO,0,2023-06,0.0436875731125707
2738,WOO,0,2023-07,-0.1381644178126483
2739,WOO,0,2023-08,-0.1585134053621448
2740,WOO,0,2023-09,0.0331688759436485
2741,WOO,-1,2023-10,0.2295034808123814
2742,WOO,0,2023-11,0.000842302292934
2743,WOO,0,2023-12,0.8468299981297926
2744,WOO,0,2024-01,-0.1273417721518988
2745,WOO,0,2024-02,0.5066434580794894
2746,WOO,0,2024-03,-0.0562829745446143
2747,WOO,0,2024-04,-0.4102344371671665
2748,WOO,0,2024-05,0.1268638643833248
2749,WOO,0,2024-06,-0.3390335257276188
2750,WOO,0,2024-07,-0.1733011287101119
2751,WOO,0,2024-08,-0.1661422631756377
2769,XDC,0,2023-06,-0.1405202467149369
2770,XDC,0,2023-07,0.8633385335413417
2771,XDC,0,2023-08,-0.0160750167448091
2772,XDC,0,2023-09,-0.0966643975493533
2773,XDC,0,2023-10,0.0041446872645063
2774,XDC,0,2023-11,-0.0878048780487805
2775,XDC,0,2023-12,0.1929247223364871
2776,XDC,0,2024-01,-0.2482758620689655
2777,XDC,0,2024-02,-0.0649082568807338
2778,XDC,-1,2024-03,0.2310522442972773
2779,XDC,0,2024-04,-0.302649930264993
2780,XDC,0,2024-05,0.0522857142857142
2781,XDC,0,2024-06,-0.1960358403475427
2782,XDC,0,2024-07,0.000675447483958
2783,XDC,0,2024-08,-0.1059736753290584
2801,XEC,0,2023-06,0.6540187678498572
2802,XEC,0,2023-07,-0.2377898371978293
2803,XEC,0,2023-08,-0.2346278317152104
2804,XEC,0,2023-09,0.0397463002114164
2805,XEC,0,2023-10,0.1411142740951605
2806,XEC,0,2023-11,0.0196008553100499
2807,XEC,0,2023-12,0.3037399510660608
2808,XEC,0,2024-01,-0.2021447721179624
2809,XEC,0,2024-02,0.2258064516129032
2810,XEC,1,2024-03,0.8651315789473684
2811,XEC,0,2024-04,-0.3142269253380365
2812,XEC,0,2024-05,-0.0079297042434632
2813,XEC,0,2024-06,-0.3017930438539641
2814,XEC,0,2024-07,0.1516089108910889
2815,XEC,0,2024-08,-0.178130037614186
2833,XEM,-1,2023-06,-0.1164279183175861
2834,XEM,0,2023-07,0.0251810969299759
2835,XEM,-1,2023-08,-0.1880888290713325
2836,XEM,0,2023-09,0.0853709075839206
2837,XEM,0,2023-10,0.2107674684994271
2838,XEM,0,2023-11,0.1236203090507725
2839,XEM,0,2023-12,0.0948638787538591
2840,XEM,0,2024-01,-0.0845936939246347
2841,XEM,0,2024-02,0.1705404648557826
2842,XEM,0,2024-03,0.2349282296650718
2843,XEM,0,2024-04,-0.3091824874079815
2844,XEM,0,2024-05,0.025799214806506
2845,XEM,0,2024-06,-0.598141060688901
2846,XEM,0,2024-07,0.5129251700680273
2847,XEM,0,2024-08,-0.2194244604316546
2865,XLM,0,2023-06,0.1953985742060922
2866,XLM,0,2023-07,0.3560133730911718
2867,XLM,0,2023-08,-0.2343572999267009
2868,XLM,0,2023-09,-0.0233246301131418
2869,XLM,0,2023-10,0.080110497237569
2870,XLM,0,2023-11,-0.0236779143635013
2871,XLM,0,2023-12,0.0902484367077911
2872,XLM,0,2024-01,-0.148116571074252
2873,XLM,0,2024-02,0.1106359748885452
2874,XLM,0,2024-03,0.1564676005570573
2875,XLM,0,2024-04,-0.2366650138131331
2876,XLM,0,2024-05,-0.0136414253897549
2877,XLM,0,2024-06,-0.1416878351679367
2878,XLM,0,2024-07,0.1012824728707662
2879,XLM,0,2024-08,-0.0787299691450184
2897,XRP,1,2023-06,-0.0847687245984131
2898,XRP,1,2023-07,0.4751533093677311
2899,XRP,1,2023-08,-0.2676318807339449
2900,XRP,1,2023-09,0.0078293208064199
2901,XRP,1,2023-10,0.1643037483006408
2902,XRP,1,2023-11,0.0113427856547121
2903,XRP,1,2023-12,0.0153389411182585
2904,XRP,1,2024-01,-0.1824236517218974
2905,XRP,1,2024-02,0.1653089608583351
2906,XRP,0,2024-03,0.0726342710997443
2907,XRP,1,2024-04,-0.2039421395644571
2908,XRP,1,2024-05,0.0335463258785941
2909,XRP,1,2024-06,-0.0801777434312208
2910,XRP,0,2024-07,0.3083385843310229
2911,XRP,0,2024-08,-0.0910258468454005
2929,XTZ,0,2023-06,-0.1063735778195072
2930,XTZ,0,2023-07,0.0211372064276884
2931,XTZ,0,2023-08,-0.1703183633942621
2932,XTZ,0,2023-09,-0.0067114093959732
2933,XTZ,0,2023-10,0.1132491186839013
2934,XTZ,0,2023-11,0.0992215331837973
2935,XTZ,0,2023-12,0.2099387828592007
2936,XTZ,0,2024-01,-0.040079365079365
2937,XTZ,0,2024-02,0.2764572137246797
2938,XTZ,0,2024-03,0.1348068982268642
2939,XTZ,0,2024-04,-0.3469606164383562
2940,XTZ,0,2024-05,0.0487271932699659
2941,XTZ,-1,2024-06,-0.1718929055109906
2942,XTZ,-1,2024-07,-0.079506856208328
2943,XTZ,0,2024-08,-0.098947656143228
2961,XYM,0,2023-06,0.0291262135922329
2962,XYM,0,2023-07,-0.0178571428571429
2963,XYM,0,2023-08,-0.1873070325900514
2964,XYM,0,2023-09,-0.1135500211059518
2965,XYM,0,2023-10,0.329047619047619
2966,XYM,0,2023-11,-0.0311716230741669
2967,XYM,0,2023-12,0.1582840236686389
2968,XYM,0,2024-01,-0.0893997445721583
2969,XYM,0,2024-02,-0.0248948106591865
2970,XYM,0,2024-03,-0.0028766630708377
2971,XYM,0,2024-04,-0.2221420843851425
2972,XYM,0,2024-05,0.0013908205841448
2973,XYM,0,2024-06,-0.1199074074074074
2974,XYM,0,2024-07,-0.0278800631246711
2975,XYM,0,2024-08,-0.2153679653679653
2993,YFI,0,2023-06,0.023160714698116
2994,YFI,0,2023-07,0.0112136369381896
2995,YFI,0,2023-08,-0.1771130952380952
2996,YFI,0,2023-09,-0.0503164671416687
2997,YFI,0,2023-10,0.0809588008134725
2998,YFI,0,2023-11,0.4524655082512436
2999,YFI,0,2023-12,-0.0201558717514589
3000,YFI,0,2024-01,-0.1249057748126326
3001,YFI,0,2024-02,0.2153925144944857
3002,YFI,0,2024-03,0.066150028977951
3003,YFI,0,2024-04,-0.269807829803027
3004,YFI,0,2024-05,0.044917331898227
3005,YFI,0,2024-06,-0.0865237837041318
3006,YFI,0,2024-07,-0.1231026079547945
3007,YFI,0,2024-08,-0.0710797883930517
3025,ZEN,0,2023-06,0.0768801814193835
3026,ZEN,0,2023-07,0.0386186580131415
3027,ZEN,0,2023-08,-0.1621148498177427
3028,ZEN,0,2023-09,0.0302148760330578
3029,ZEN,0,2023-10,0.1464125272750609
3030,ZEN,0,2023-11,0.1211863363077576
3031,ZEN,0,2023-12,-0.0968734084940232
3032,ZEN,0,2024-01,-0.1364108801415303
3033,ZEN,0,2024-02,0.4387283459022062
3034,ZEN,0,2024-03,0.3213697728021074
3035,ZEN,0,2024-04,-0.4442521265347082
3036,ZEN,0,2024-05,0.1740347560532249
3037,ZEN,0,2024-06,-0.3047409655343264
3038,ZEN,0,2024-07,0.4366797315755093
3039,ZEN,0,2024-08,-0.2447788031291012
3057,ZIL,0,2023-06,-0.0804899387576552
3058,ZIL,0,2023-07,-0.0085632730732635
3059,ZIL,0,2023-08,-0.2240882917466411
3060,ZIL,0,2023-09,0.0977118119975262
3061,ZIL,0,2023-10,0.0692957746478875
3062,ZIL,0,2023-11,0.1512118018967334
3063,ZIL,0,2023-12,0.1331807780320366
3064,ZIL,0,2024-01,-0.1958804523424878
3065,ZIL,0,2024-02,0.3947764942240079
3066,ZIL,0,2024-03,0.4022326251350379
3067,ZIL,0,2024-04,-0.4144838212634822
3068,ZIL,0,2024-05,0.037719298245614
3069,ZIL,0,2024-06,-0.2472527472527472
3070,ZIL,0,2024-07,-0.0825379000561481
3071,ZIL,0,2024-08,-0.1878824969400244
3089,ZRX,0,2023-06,-0.0555555555555555
3090,ZRX,0,2023-07,0.0150588235294117
3091,ZRX,0,2023-08,-0.2336578581363004
3092,ZRX,0,2023-09,0.1548699334543253
3093,ZRX,-1,2023-10,0.4735463593504454
3094,ZRX,0,2023-11,0.3618912193387842
3095,ZRX,0,2023-12,-0.030018271991647
3096,ZRX,0,2024-01,-0.1485468245425187
3097,ZRX,0,2024-02,0.2029077117572693
3098,ZRX,0,2024-03,0.9978980557015238
3099,ZRX,0,2024-04,-0.3913729615991583
3100,ZRX,0,2024-05,0.1231633535004321
3101,ZRX,0,2024-06,-0.2914582531742978
3102,ZRX,0,2024-07,-0.0059733912571274
3103,ZRX,0,2024-08,-0.2075935536738594
